<?xml version="1.0" encoding="UTF-8"?>
<root>
  <item name="com.onestopstudio.ads.sdk.format.AppOpenAd.AdOrientation">
    <annotation name="androidx.annotation.IntDef">
      <val name="value" val="{com.google.android.gms.ads.appopen.AppOpenAd.APP_OPEN_AD_ORIENTATION_PORTRAIT, com.google.android.gms.ads.appopen.AppOpenAd.APP_OPEN_AD_ORIENTATION_LANDSCAPE}" />
    </annotation>
  </item>
  <item name="com.onestopstudio.ads.sdk.format.AppOpenAd.Builder adExpiryDuration">
    <annotation name="androidx.annotation.IntRange">
      <val name="from" val="0" />
      <val name="to" val="14400000" />
    </annotation>
  </item>
  <item name="com.onestopstudio.ads.sdk.format.AppOpenAd.Builder com.onestopstudio.ads.sdk.format.AppOpenAd.Builder setAdExpiryDuration(long) 0">
    <annotation name="androidx.annotation.IntRange">
      <val name="from" val="0" />
      <val name="to" val="14400000" />
    </annotation>
  </item>
  <item name="com.onestopstudio.ads.sdk.format.AppOpenAd.Builder com.onestopstudio.ads.sdk.format.AppOpenAd.Builder setOrientation(int) 0">
    <annotation name="androidx.annotation.IntDef">
      <val name="value" val="{com.google.android.gms.ads.appopen.AppOpenAd.APP_OPEN_AD_ORIENTATION_PORTRAIT, com.google.android.gms.ads.appopen.AppOpenAd.APP_OPEN_AD_ORIENTATION_LANDSCAPE}" />
    </annotation>
  </item>
  <item name="com.onestopstudio.ads.sdk.format.AppOpenAd.Builder orientation">
    <annotation name="androidx.annotation.IntDef">
      <val name="value" val="{com.google.android.gms.ads.appopen.AppOpenAd.APP_OPEN_AD_ORIENTATION_PORTRAIT, com.google.android.gms.ads.appopen.AppOpenAd.APP_OPEN_AD_ORIENTATION_LANDSCAPE}" />
    </annotation>
  </item>
</root>

